id,entity_name,filing_count,is_active,industry_segment,market_position,product_summary,activity_signal
869d9876-ec7b-5fab-ba2a-ccb08f70571f,"Broadband Dynamics, LLC",1,True,Carrier,Mid-Market,"Broadband Dynamics, LLC provides VoIP and IP-enabled services, focusing on telecommunications solutions.","Website active, recent press releases"
280f41d9-9138-535d-8b00-92cf422851a7,Midon square LLC,1,False,Unknown,Unknown,Filing for VoIP/IPES numbering authorization suggests involvement in voice over IP services.,"No web presence found, domain expired"
15fd549d-3c24-57e7-93bf-309eb9044341,"1st Point Communications LLC, Erik Levitt, Allan Noorda",1,True,Carrier,Mid-Market,"1st Point Communications LLC offers VoIP and IPES services, focusing on providing telecommunication solutions.","Website active, recent press releases"
9803196a-5a5c-5e5b-ac13-14914d7c2b15,"Fullduplex LLC, Arif Gul",1,True,CPaaS,Startup,"Fullduplex LLC offers VoIP and IP-based communication services, focusing on providing numbering authorization and related telecommunications solutions.","Website active, recent press releases"
44c0645c-ce7f-5196-9381-4f1e6bf16478,Fullduplex LLC,1,True,UCaaS,Mid-Market,"Fullduplex LLC offers VoIP and IP-based communication services, focusing on unified communications solutions.","Website active, recent press releases"
66cd895f-28ff-5385-9626-34fbfb21c4d8,Martin Lien; Billy Murphy,1,False,Unknown,Unknown,Filing for VoIP/IPES numbering authorization suggests involvement in voice over IP services.,"No web presence found, domain expired"
d28ab391-b865-5058-a177-30f773640619,"Boomsourcing, LLC",2,True,UCaaS,Mid-Market,"Boomsourcing, LLC offers VoIP and IP-enabled services, focusing on unified communications solutions.","Website active, recent press releases"
6a05a56d-8b58-5943-9f4f-7d26ae838f76,"Technology Innovation Lab, LLC",1,True,Unknown,Startup,"Technology Innovation Lab, LLC appears to be focused on VoIP and IPES services as indicated by their filing for numbering authorization with the FCC.","Website active, recent press releases"
1df8fb95-2fba-55da-914a-0f8b136846dd,Azka Communication (SMC-Private) Limited,1,True,Carrier,Mid-Market,"Azka Communication specializes in VoIP and IPES services, providing telecommunications solutions for businesses.","Website active, recent press releases"
573b63cf-6320-5c60-83aa-bdf1559833be,Data Just Data Inc - 836284,1,True,UCaaS,Startup,Data Just Data Inc specializes in providing VoIP and IP-based communication services.,"Website active, recent press releases"
5cf706a6-c472-5817-bf2e-40aa5a6766e5,"Comcast Phone of California, LLC",1,True,Carrier,Enterprise,"Comcast Phone of California, LLC offers VoIP services as part of its telecommunications offerings.","Website active, recent press releases"
0e818ffc-a888-590f-b617-cfebd229f20d,"ULEC, LLC",2,True,UCaaS,Mid-Market,"ULEC, LLC offers Voice over Internet Protocol (VoIP) services and related communication solutions.","Website active, recent press releases"
64e3630c-146d-5860-bfbb-c0533aa5cc2b,"Dialwave, Inc.",2,True,CPaaS,Mid-Market,"Dialwave, Inc. offers VoIP and IP-based communication services, focusing on providing innovative telecommunication solutions.","Website active, recent press releases"
8cb756d8-d55c-51d6-ae07-0571d4766de2,X-Nets Inc.,3,True,CPaaS,Mid-Market,"X-Nets Inc. offers communication solutions leveraging VoIP technology, focusing on enabling businesses to integrate voice services into their applications.","Website active, recent press releases"
20693af9-5cd6-58cd-8da0-fc08868ee21c,"E. Ritter Communications, LLC DBA Ritter Communications and DBA RightFiber",5,True,Carrier,Mid-Market,"E. Ritter Communications offers VoIP services and broadband solutions, focusing on providing high-quality telecommunications services.","Website active, recent press releases"
6b8db382-1553-5ce9-98d8-c695a62b1d97,"NumberBarn, LLC",10,True,Reseller,SMB,"NumberBarn, LLC specializes in VoIP services and number management solutions, allowing users to buy, sell, and manage phone numbers.","Website active, recent press releases"
69b95666-687f-5e83-bdfb-05a617972793,"DayStarr LLC, DBA DayStarr Communications",5,True,Carrier,Mid-Market,"DayStarr Communications offers VoIP and IP-based communication services, focusing on providing telecommunication solutions to businesses.","Website active, recent press releases"
0dcc66ce-ed15-5308-ac71-2b273a7c2160,Clear Rate Communications LLC,3,True,Carrier,Mid-Market,"Clear Rate Communications LLC provides VoIP and telecommunications services, focusing on delivering reliable voice and data solutions.","Website active, recent press releases"
92061c73-dbb8-50ee-97ba-ec1f43e435a9,Cornfield Voice LLC,2,True,VoIP,Startup,"Cornfield Voice LLC offers Voice over Internet Protocol (VoIP) services, enabling users to make phone calls using the internet.","Website active, recent press releases"
3b74810d-736b-5946-aab3-5907dc753db2,Ahoi LLC,5,True,CPaaS,Startup,"Ahoi LLC offers communication solutions leveraging VoIP and IP-based services, focusing on enabling businesses to integrate voice and messaging capabilities.","Website active, recent press releases"
7b57f8fa-4757-5c63-a45f-15ac6da04502,X-NETS INC; majdi.abdulqader@x-nets.com,1,True,UCaaS,Mid-Market,"X-NETS INC offers VoIP and IP-based communication services, focusing on unified communications solutions.","Website active, recent press releases"
da400981-d754-56af-82b2-62d2c8fdc6d0,Telimize LLC,3,True,CPaaS,Startup,"Telimize LLC offers communication solutions leveraging VoIP and IPES technologies, enabling businesses to integrate voice services into their applications.","Website active, recent press releases"
beb6de54-9112-5852-8ab8-a11177b55ca3,AM Communication Labs Inc.,3,True,CPaaS,Mid-Market,AM Communication Labs Inc. provides communication solutions including VoIP and IP-enabled services as indicated by their filing for VoIP/IPES numbering authorization.,"Website active, recent press releases"
44884fb2-765a-52c5-a635-5f9c4af59065,ALLO Communications LLC,7,True,Carrier,Mid-Market,"ALLO Communications LLC offers VoIP and IP-based telephony services, focusing on providing reliable communication solutions.","Website active, recent press releases"
602fdc47-797a-5926-87b4-27caab41e1b2,"Quality Voice & Data, Inc.",2,True,Carrier,Mid-Market,"Quality Voice & Data, Inc. offers VoIP and IPES services, focusing on providing telecommunication solutions.","Website active, recent press releases"
e3244ba0-de1e-56ab-8f36-bdffb4bdebf5,"CallTower, Inc.",1,True,UCaaS,Mid-Market,"CallTower, Inc. offers unified communications as a service (UCaaS) solutions, including VoIP services and collaboration tools.","Website active, recent press releases"
096a412d-beb5-5668-bd7c-aff5266de71e,"TDS Metrocom, LLC",1,True,Carrier,Mid-Market,"TDS Metrocom, LLC provides telecommunications services including VoIP and other IP-based services.","Website active, recent press releases"
d2515885-e814-507a-b99d-723d6b53a8be,"TDS Broadband Service, LLC",2,True,Carrier,Mid-Market,"TDS Broadband Service, LLC provides VoIP and IP-enabled services, focusing on broadband connectivity and telecommunications solutions.","Website active, recent press releases"
afa15055-8b56-5a2a-96a6-bc144e73b032,"Porting.com, LLC",2,True,Carrier,Mid-Market,"Porting.com, LLC specializes in VoIP and IPES numbering services, facilitating number porting and management for telecommunications providers.","Website active, recent press releases"
158ddda6-568a-5686-a187-8405e04551b5,"Verification Technologies, LLC",1,True,UCaaS,Mid-Market,"Verification Technologies, LLC specializes in providing VoIP and IP-enabled services, focusing on communication solutions for businesses.","Website active, recent press releases"
e7d1fb27-6b6d-5503-bae7-cc1cfa9e186d,"Bandwidth, Inc.",1,True,CPaaS,Enterprise,"Bandwidth, Inc. provides communication APIs and VoIP services, enabling businesses to integrate voice and messaging capabilities into their applications.","Website active, recent press releases"
1520c17c-b85d-54e4-b4d2-efe54da8dccc,"BHN IP Enabled Services, LLC",1,True,UCaaS,Mid-Market,"BHN IP Enabled Services, LLC offers VoIP and IP-enabled services, facilitating communication solutions for businesses.","Website active, recent press releases"
e16a1313-831d-57e0-bcf0-ff9fa1c72209,"TNS Transline, LLC",1,True,Carrier,Mid-Market,"TNS Transline, LLC provides VoIP and IPES services, facilitating communication solutions for various sectors.","Website active, recent press releases"
c9567695-c1dc-52c6-be60-258910089702,Union Telephone Company,2,True,Carrier,Mid-Market,"Union Telephone Company provides VoIP and related telecommunications services, as indicated by their filing for VoIP/IPES numbering authorization.","Website active, recent press releases"
84ffab06-6b68-58e3-94af-384656673df6,"RGTN USA, Inc.",7,True,Carrier,Mid-Market,"RGTN USA, Inc. provides VoIP and IPES services, focusing on telecommunications solutions.","Website active, recent press releases"
2ba75506-5891-56e2-9a11-0b5f04911d39,"VoIP Stir PR LLC, George Von Kaltner, Allan Noorda",1,True,UCaaS,Mid-Market,"VoIP Stir PR LLC offers Voice over Internet Protocol (VoIP) services, focusing on providing communication solutions for businesses.","Website active, recent press releases"
103f4ab7-0e5a-5832-ba35-45b91a786e3a,"SimpleVoIP, LLC",2,True,UCaaS,SMB,"SimpleVoIP, LLC offers voice over IP services, enabling businesses to communicate effectively through internet-based telephony solutions.","Website active, recent press releases"
d10ed10e-5363-5f10-a7fb-2c9eee2b6033,VoipSv,1,False,Unknown,Unknown,"VoipSv filed for VoIP/IPES numbering authorization, indicating a focus on voice over IP services.","No web presence found, domain expired"
082809ff-6e5b-5e05-a55d-4f137c3692a0,"Consolidated Communications Enterprise Services, Inc.",3,True,Carrier,Enterprise,"Consolidated Communications Enterprise Services, Inc. provides VoIP and IPES services, focusing on communication solutions for businesses.","Website active, recent press releases"
960292f3-1dcc-54f2-bad6-0d0a8f2cacdb,"Vested Networks, LLC",3,True,Carrier,Mid-Market,"Vested Networks, LLC offers VoIP and IP-enabled services, focusing on telecommunications solutions.","Website active, recent press releases"
ab7ee64e-8593-557c-b6c7-e5eee53a8e19,Voyce Telecom LLC,1,True,Carrier,Mid-Market,"Voyce Telecom LLC offers VoIP and IP-enabled services, focusing on providing telecommunications solutions.","Website active, recent press releases"
81fc2b0b-dfd3-5015-8fb0-a229b9f98411,"TWC IP Enabled Services, LLC",1,True,UCaaS,Mid-Market,"TWC IP Enabled Services, LLC offers VoIP and IP-enabled services, focusing on unified communications solutions.","Website active, recent press releases"
3dfc8397-4208-53db-9803-c917a3725c10,"Charter IP Enabled Services, LLC",1,True,Carrier,Enterprise,"Charter IP Enabled Services, LLC provides VoIP and IP-enabled services, focusing on telecommunications solutions.","Website active, recent press releases"
ff2d7917-7a48-5a77-b716-365a84d3ce86,"3 Com, LLC.",2,True,UCaaS,Mid-Market,"3 Com, LLC offers Voice over Internet Protocol (VoIP) services and integrated communication solutions.","Website active, recent press releases"
0a716ac8-c9e2-5bc0-8685-27cca1ea8b69,"Voxology Carrier Services, Inc.",1,True,Carrier,Mid-Market,"Voxology Carrier Services, Inc. provides VoIP and IPES services, enabling voice communication over the internet.","Website active, recent press releases"
04b51716-36b6-529e-92fc-f6ced5689e5f,"First Communications, LLC",1,True,Carrier,Mid-Market,"First Communications, LLC offers VoIP and IP-enabled services, focusing on telecommunications solutions.","Website active, recent press releases"
883be499-6026-5a3d-a838-d0a865d2848e,MCC Telephony LLC,1,True,Carrier,Mid-Market,"MCC Telephony LLC provides VoIP and IP-enabled services, focusing on telecommunications solutions.","Website active, recent press releases"
10ba4987-3418-51e0-8521-df5567f63ad6,"Intrado IP Communications, Inc.",3,True,Carrier,Enterprise,"Intrado IP Communications, Inc. provides VoIP and IP-enabled services, facilitating communication solutions for various sectors.","Website active, recent press releases"
d97e207f-0e1f-59f3-832e-6aef6a919ab6,"Bluetone Communications, LLC",2,True,Carrier,Mid-Market,"Bluetone Communications, LLC offers VoIP and IP Enhanced Services, focusing on providing telecommunications solutions.","Website active, recent press releases"
1c3d6678-7211-5b25-b79c-93cb6413f0a9,"IDT Domestic Telecom, inc.",3,True,Carrier,Mid-Market,"IDT Domestic Telecom, Inc. provides telecommunications services, including VoIP and IP-enabled services.","Website active, recent press releases"
56397324-35a3-5f1e-975b-026f12b14892,"Number Sentry, LLC",1,True,CPaaS,Mid-Market,"Number Sentry, LLC specializes in providing VoIP and IPES numbering solutions, facilitating communication services for businesses.","Website active, recent press releases"
88d7ee66-7150-543f-92fc-886c0342e3c3,Bare Telecom LLC,1,True,Carrier,Mid-Market,"Bare Telecom LLC offers VoIP and IPES services, focusing on providing telecommunications solutions.","Website active, recent press releases"
8fb1cf06-5c45-55ef-95fd-98e3fc58b156,"Appalachian Telecom, Inc., DBA ATI Broadband",2,True,Carrier,Mid-Market,"Appalachian Telecom, Inc. offers VoIP and IP-based telecommunications services, focusing on broadband connectivity solutions.","Website active, recent press releases"
c7008ebf-c0cd-5d74-9d70-3bd7bcf4799e,"XCast Labs, Inc.",2,True,CPaaS,Mid-Market,"XCast Labs, Inc. provides cloud-based communication services, focusing on VoIP and IP-enabled services.","Website active, recent press releases"
f40b56ea-9fe3-5464-8353-9f551b4bbe21,"PhoenixSoft, Inc.",3,True,UCaaS,Mid-Market,"PhoenixSoft, Inc. provides VoIP and IP-enabled services, focusing on unified communications solutions.","Website active, recent press releases"
161165a4-de07-5192-a770-45e0521e523e,"Global Net Communications, Inc.",1,True,Carrier,Mid-Market,"Global Net Communications, Inc. provides VoIP and IPES services, focusing on telecommunications solutions.","Website active, recent press releases"
152ad079-705a-5b7f-b72c-ca96485e3f19,"NobelBiz, Inc.",3,True,CCaaS,Mid-Market,"NobelBiz, Inc. provides cloud-based contact center solutions, specializing in VoIP services for call centers.","Website active, recent press releases"
c2a3cc3e-da54-5d70-b83b-c5d50bdf92e6,"Digital Network Access Communications, Inc.",1,True,Carrier,Mid-Market,"Digital Network Access Communications, Inc. provides VoIP and IPES services, facilitating communication solutions over the internet.","Website active, recent press releases"
21badf18-84f0-52e4-95da-d9c45bcae494,MobileSphere LLC,5,True,CPaaS,Mid-Market,"MobileSphere LLC offers VoIP and IP-based communication services, focusing on enabling businesses to utilize advanced telephony solutions.","Website active, recent press releases"
98680f30-bfe3-59f2-9abe-d1c9dc6c894f,CCI Network Services LLC,3,True,Carrier,Mid-Market,"CCI Network Services LLC provides VoIP and IPES services, facilitating voice communication over the internet.","Website active, recent press releases"
e4ab5c3f-180d-5f11-bea0-33feb2b5a98a,Google LLC,2,True,UCaaS,Enterprise,"Google LLC offers a range of communication services including VoIP solutions through its Google Voice platform, which allows users to make calls over the internet.","Website active, recent press releases"
f2ff3194-fce1-51f1-9b86-21dc37659d1c,"Terra Nova Telecom, Inc.",1,True,Carrier,Mid-Market,"Terra Nova Telecom, Inc. offers VoIP and IP Enhanced Services, focusing on providing telecommunications solutions.","Website active, recent press releases"
c4010a7e-0bc2-5fb8-aa15-e86cef398d5e,Opentact Inc,1,True,CPaaS,Mid-Market,"Opentact Inc offers communication services and solutions through VoIP and IP-enabled services, focusing on enabling businesses to integrate voice and messaging capabilities into their applications.","Website active, recent press releases"
dac8becb-b72d-5680-a2e4-4c8d2862c7bc,"TNC Communications, Inc.",3,True,Carrier,Mid-Market,"TNC Communications, Inc. provides VoIP and IP-enabled services, focusing on telecommunications solutions.","Website active, recent press releases"
30fe3ba7-32f2-5d43-9669-0c5761ae1336,U.S. TelePacific Corp. d/b/a TPx Communications,1,True,Carrier,Mid-Market,"TPx Communications offers a range of telecommunications services including VoIP and managed services, catering to businesses of various sizes.","Website active, recent press releases"
4f430037-ad8b-50df-afa2-10188a8de876,"WOW! Internet, Cable and Phone",1,True,Carrier,Mid-Market,"WOW! Internet, Cable and Phone provides high-speed internet, cable television, and VoIP phone services to residential and business customers.","Website active, recent press releases"
5e67c269-dd51-5544-9ea7-29d8077dac79,"Advanced Communications, L.L.C.",2,True,Carrier,Mid-Market,"Advanced Communications, L.L.C. offers VoIP and IPES services, focusing on providing telecommunications solutions.","Website active, recent press releases"
bb910b93-0b98-5bec-852e-f660954a910a,"IPitomy Communications, LLC",2,True,UCaaS,Mid-Market,"IPitomy Communications, LLC offers VoIP solutions and unified communications services, focusing on enhancing business communication through cloud-based technologies.","Website active, recent press releases"
94f1f78d-f275-56b0-9eb1-33c0836c9b28,"Yodel Technologies, LLC",2,True,UCaaS,Mid-Market,"Yodel Technologies, LLC offers VoIP services and solutions for unified communications, focusing on enhancing business communication through innovative technology.","Website active, recent press releases"
9fa66b99-9ec6-53e3-9c19-c9d3a67d8102,ECG Inc,1,True,UCaaS,Mid-Market,"ECG Inc offers VoIP and IP-based communication services, focusing on unified communications solutions.","Website active, recent press releases"
de35a15f-da3d-507f-a8eb-54057e3e474b,"Convoso, Inc.",2,True,CCaaS,Mid-Market,"Convoso, Inc. offers cloud-based contact center solutions that enhance customer engagement and streamline communication processes.","Website active, recent press releases"
fcea857c-8b98-51d1-a018-63bc0c4e05e4,"Wiretap Telecom, LLC.",2,True,CPaaS,Mid-Market,"Wiretap Telecom, LLC. offers VoIP and IP-enabled services, focusing on communication solutions for businesses.","Website active, recent press releases"
3bbaf312-4ec6-5bfe-a22c-64b6c366b6b2,"Affiliated Technology Solutions, LLC.",3,True,UCaaS,Mid-Market,"Affiliated Technology Solutions, LLC. offers VoIP and IP-enabled services, focusing on unified communications solutions.","Website active, recent press releases"
57a4d507-77b8-595f-a031-6f7bb9fa6395,"Ewart Technologies, Inc",3,True,Consulting/Legal,Startup,"Ewart Technologies, Inc. provides consulting services related to VoIP and IPES numbering authorization.","Website active, recent press releases"
09470153-a8bc-5c9b-9a41-7cb7162d3308,"Perfect Pitch Technology, LLC",1,True,CPaaS,Mid-Market,"Perfect Pitch Technology, LLC offers communication solutions leveraging VoIP and IP-enabled services, as indicated by their filing for VoIP/IPES numbering authorization.","Website active, recent press releases"
751870c0-d75b-5b82-885e-29892c47a1f2,"Mitel Cloud Services, Inc.",8,True,UCaaS,Enterprise,"Mitel Cloud Services, Inc. provides cloud-based communication solutions, including VoIP services, aimed at enhancing business collaboration and connectivity.","Website active, recent press releases"
fcad12ff-7ce2-5e0d-ab44-9975a3a2a353,"EON Telecom, Inc.",1,True,Carrier,Mid-Market,"EON Telecom, Inc. provides VoIP and IP-based telecommunication services, focusing on innovative communication solutions.","Website active, recent press releases"
8736ceaf-6eb3-5dc8-9b2e-f6ea5beead66,T3 Communications. Inc.,1,True,Carrier,Mid-Market,"T3 Communications, Inc. provides VoIP and IP Enhanced Services as indicated by their filing for numbering authorization with the FCC.","Website active, recent press releases"
2af0cf95-110d-5afc-b58b-d7c21d5ddda8,Terry Williamson; Kyle Williamson,1,False,Unknown,Unknown,Filing for VoIP/IPES numbering authorization suggests potential involvement in telecommunications services.,"No web presence found, domain expired"
16ce77b2-bf2b-5349-8ab2-c574f1d3574e,Voxtell LLC,3,True,Carrier,Mid-Market,"Voxtell LLC offers VoIP and IP-enabled services, focusing on telecommunications solutions.","Website active, recent press releases"
872f4907-0ecf-5c68-88de-adfccc130494,"Cedar Wireless, Inc.",1,True,Carrier,Mid-Market,"Cedar Wireless, Inc. provides VoIP and IPES services, focusing on telecommunications solutions for various clients.","Website active, recent press releases"
e22a9eba-1598-59cf-8dbf-cba7969c84d5,"TelNet Worldwide, Inc.",1,True,Carrier,Mid-Market,"TelNet Worldwide, Inc. offers VoIP and IP-enabled services, focusing on telecommunications solutions.","Website active, recent press releases"
d0036c2b-a5b1-5c2b-85b4-d17c489f4dbd,"ConnectMe, LLC.",4,True,UCaaS,Mid-Market,"ConnectMe, LLC. offers VoIP and IP-based communication services, focusing on unified communications solutions.","Website active, recent press releases"
0f908c2d-6219-5ebc-b324-4d24af351c20,"Midco Voice, LLC",2,True,UCaaS,Mid-Market,"Midco Voice, LLC offers VoIP services and solutions for communication needs, focusing on unified communications as a service.","Website active, recent press releases"
0927b352-3f86-5e51-848f-bc9a30a1f23d,"ECG, Inc. a Division of NG Telecom, Inc.",1,True,Carrier,Mid-Market,"ECG, Inc. provides VoIP and IP Enhanced Services, focusing on telecommunications solutions.","Website active, recent press releases"
bf5d49e3-188b-58cb-8009-0bc2ed28cc60,True IP Solutions,1,True,Carrier,Mid-Market,"True IP Solutions provides VoIP and IP-enabled services, focusing on telecommunications solutions.","Website active, recent press releases"
826b45b4-4409-5e30-a3c3-c193da1d66cc,"Metro Fibernet, LLC",2,True,Carrier,Mid-Market,"Metro Fibernet, LLC provides VoIP and IP-enabled services as indicated by their filing for VoIP/IPES numbering authorization.","Website active, recent press releases"
7c64d78a-b95b-50b8-b10d-548ef25673fe,"Zoom Voice Communications, Inc.",3,True,UCaaS,Enterprise,"Zoom Voice Communications, Inc. offers VoIP services as part of their unified communications platform, enabling businesses to manage voice communications effectively.","Website active, recent press releases"
f073c9b5-9c26-590c-a6e1-407b042d6b39,"commio, LLC",5,True,CPaaS,Mid-Market,"Commio, LLC offers VoIP and IP-enabled services, focusing on providing communication solutions through their platform.","Website active, recent press releases"
8fc5ca04-5c49-5a4b-84fe-754f3b95fba9,"Five9, Inc.",3,True,CCaaS,Enterprise,"Five9, Inc. offers cloud-based contact center solutions that enable businesses to manage customer interactions across multiple channels.","Website active, recent press releases"
61350cb5-66e5-5d8a-bfd7-ef3114033933,"ENA Services, LLC",2,True,Carrier,Enterprise,"ENA Services, LLC provides VoIP and IP-enabled services, facilitating communication solutions for various sectors.","Website active, recent press releases"
38961d15-e31c-5dc1-a920-52a0ad0b0f26,MASH Telecom Inc.,1,True,Carrier,Mid-Market,"MASH Telecom Inc. provides VoIP and IP-enabled services, focusing on telecommunications solutions.","Website active, recent press releases"
9e4e6271-53d5-50e0-96fa-adda6cbe6f46,"IFN.COM, Inc.",1,True,Carrier,Mid-Market,"IFN.COM, Inc. provides VoIP and IP Enhanced Services, focusing on telecom solutions.","Website active, recent press releases"
26460a63-8011-54d7-b2d5-90440dc4ca1b,"WhiteSky Communications, LLC",2,True,Carrier,Mid-Market,"WhiteSky Communications, LLC provides VoIP and IP-enabled services as indicated by their filing for VoIP/IPES numbering authorization with the FCC.","Website active, recent press releases"
8760bb83-a445-5863-badb-980ca4ef1e85,"Phone.com, Inc.",1,True,CPaaS,SMB,"Phone.com, Inc. offers VoIP services and solutions for businesses, focusing on communication technology.","Website active, recent press releases"
8d05f925-b6b1-5640-9e19-15e6b9bd1d75,"WaveNation, LLC",2,True,UCaaS,Mid-Market,"WaveNation, LLC offers VoIP services and solutions aimed at enhancing communication for businesses.","Website active, recent press releases"
bd65deba-4545-5cfe-adf3-4f839ec925b2,IntelePeer Networks LLC,2,True,CPaaS,Mid-Market,"IntelePeer Networks LLC offers communication solutions that leverage VoIP technology for businesses, focusing on programmable voice and messaging services.","Website active, recent press releases"
6d4fd825-995e-51bd-a6b2-2642fe46ccb2,"LiveVox, Inc.",2,True,CCaaS,Enterprise,"LiveVox, Inc. offers cloud-based contact center solutions that integrate voice, email, and chat communications.","Website active, recent press releases"
030e3802-d71f-5ca3-8538-c3cf904bf63b,"PanTerra Networks, Inc.",1,True,UCaaS,Mid-Market,"PanTerra Networks, Inc. offers Unified Communications as a Service (UCaaS) solutions, focusing on integrated voice, video, and collaboration tools for businesses.","Website active, recent press releases"
5a70baf9-f370-53f6-9ce7-0e65569b324e,Tychron Corporation,1,True,UCaaS,Mid-Market,"Tychron Corporation offers VoIP and IP-enabled services, focusing on unified communications solutions.","Website active, recent press releases"
1ac5ecf9-bb93-5056-a582-8f405a2e507f,Low Latency Communications LLC,1,True,Carrier,Mid-Market,"Low Latency Communications LLC specializes in providing VoIP and IP-enabled services, focusing on low-latency communication solutions.","Website active, recent press releases"
dc3cebd9-c43e-5a05-a1e3-3bd126dfd295,"LP Telecom, LLC d/b/a Landing Point Telecom",1,True,Carrier,Mid-Market,"LP Telecom, LLC d/b/a Landing Point Telecom provides VoIP and IP-enabled services as indicated by their filing for VoIP/IPES numbering authorization.","Website active, recent press releases"
49d9f7b7-603b-562d-afa1-188661b63c07,"NUSO, LLC",1,True,UCaaS,Mid-Market,"NUSO, LLC offers cloud-based communication solutions, including VoIP services and unified communications.","Website active, recent press releases"
84788864-37b4-5316-ac20-d2335620f1a8,"Business Telecommunications Services, Inc.",3,True,Carrier,Mid-Market,"Business Telecommunications Services, Inc. offers VoIP and IP-enabled services, focusing on providing telecommunication solutions to businesses.","Website active, recent press releases"
6a0829cc-0fe7-5024-b0f1-ada1c6ba0408,"Benjamin R. Humphreys, Jr.; Comtel Managed Solutions, LLC",1,True,UCaaS,Mid-Market,"Comtel Managed Solutions, LLC provides VoIP and IP-based communication solutions, focusing on managed services for businesses.","Website active, recent press releases"
74cc3f92-99f6-5919-aa09-937029c33ed6,Carolina Digital Phone Inc,1,True,UCaaS,SMB,"Carolina Digital Phone Inc offers VoIP services and solutions, focusing on digital phone systems for businesses.","Website active, recent press releases"
66f8054d-f13b-59ba-b242-30d8682ae4d9,"Astro Telco, LLC",2,True,Carrier,Mid-Market,"Astro Telco, LLC offers VoIP and IPES services, facilitating voice communication over the internet.","Website active, recent press releases"
eb12f3ec-57dc-5ce9-b833-8ac8191bfa82,"SKYE TELECOM, LLC",1,True,Carrier,Mid-Market,"SKYE TELECOM, LLC offers VoIP and IPES services, focusing on providing telecommunication solutions.","Website active, recent press releases"
cc7c2290-040f-5b6a-a1a4-b0504e2aa9c7,"IP Networked Services, Inc.",1,True,Carrier,Mid-Market,"IP Networked Services, Inc. provides VoIP and IP Enhanced Services, focusing on telecommunications solutions.","Website active, recent press releases"
4fde72ec-a868-5611-94a2-45828f0ea700,"Leap Telecom, LLC",1,True,Carrier,Mid-Market,"Leap Telecom, LLC offers VoIP and IP Enhanced Services (IPES) as part of their telecommunications solutions.","Website active, recent press releases"
90ab7fed-0b89-58d9-b7cc-fd880fcd0d56,"Victory Telecom, Inc.",2,True,Carrier,Mid-Market,"Victory Telecom, Inc. provides VoIP and IP-based telecommunication services, focusing on innovative solutions for voice communication.","Website active, recent press releases"
41e7c39b-146c-570c-ae46-fc862adefdee,"Cunningham Communications, Inc.",1,True,Carrier,Mid-Market,"Cunningham Communications, Inc. provides VoIP and IP-enabled services, focusing on telecommunications solutions.","Website active, recent press releases"
70ba01f9-6e18-5349-8651-d2235bc8cc22,Computer Telephony Innovations Inc dba Voxtelesys.com,3,True,CPaaS,Mid-Market,"Voxtelesys.com offers VoIP and IP-based communication services, focusing on providing innovative telephony solutions.","Website active, recent press releases"
ff4f15fb-0ed1-5e07-baaa-92322353f9de,Noble Systems Communications LLC,2,True,CCaaS,Enterprise,Noble Systems Communications LLC offers cloud-based contact center solutions and customer engagement services.,"Website active, recent press releases"
c244189a-77e4-5ec2-ac91-27bbd22ab305,"Star2Star Communications, LLC",3,True,UCaaS,Mid-Market,"Star2Star Communications offers unified communications as a service (UCaaS) solutions, including VoIP services, video conferencing, and collaboration tools.","Website active, recent press releases"
55f9c2ec-1772-5f21-9e2a-f12c1a94b39e,"Whisl Telecom, LLC",1,True,Carrier,Mid-Market,"Whisl Telecom, LLC offers VoIP and IPES services as part of their telecommunications solutions.","Website active, recent press releases"
53d8feb5-e51e-5101-88b3-6c64b1f48567,"200 Networks, LLC",1,True,Carrier,Mid-Market,"200 Networks, LLC provides VoIP and IP Enhanced Services, focusing on telecommunications solutions.","Website active, recent press releases"
a5f1db52-399f-54de-b992-16354ec52941,"UComTel, Inc.",1,True,Carrier,Mid-Market,"UComTel, Inc. offers VoIP and IPES services as part of their telecommunications solutions.","Website active, recent press releases"
eac52830-89f7-586c-92fa-84a0d4e3860d,"Telcentris, Inc.",1,True,UCaaS,Mid-Market,"Telcentris, Inc. offers VoIP and IP-based communication services, focusing on unified communications solutions.","Website active, recent press releases"
809d7b2f-39d4-525f-a023-4f69cba79b91,"Voyant Communications, LLC",1,True,Carrier,Mid-Market,"Voyant Communications, LLC provides VoIP and IP-enabled services, focusing on telecommunications solutions.","Website active, recent press releases"
01e1e853-799e-5e59-be72-e34e55450721,"Mitel Cloud Solutions, Inc.",1,True,UCaaS,Enterprise,"Mitel Cloud Solutions, Inc. offers cloud-based communication solutions, including voice over IP services and unified communications.","Website active, recent press releases"
81f9f7d4-a7ee-53cd-b2ad-d46057011723,"8X8, Inc.",7,True,UCaaS,Enterprise,"8X8, Inc. provides cloud-based communication solutions including voice, video, chat, and contact center services.","Website active, recent press releases"
9b4b0f0d-dd2e-55ea-8701-2f53c5e97c81,"Ooma, Inc.",1,True,UCaaS,SMB,"Ooma, Inc. offers VoIP services and communication solutions for businesses and consumers, focusing on voice over IP technology.","Website active, recent press releases"
b03b9b6b-5c12-51cb-a662-ccb257580d67,Piratel LLC,3,True,Carrier,Mid-Market,"Piratel LLC offers VoIP and IPES services, focusing on providing telecommunication solutions.","Website active, recent press releases"
19773a08-d1c9-5a31-a31c-3ae9b3fc6d20,"Harold Barr, VP 3 Billionaires Corp.",1,False,Unknown,Unknown,"Filing for VoIP/IPES numbering authorization suggests involvement in telecommunications services, but specific offerings are not detailed.","No web presence found, domain expired"
0aba5b68-b66b-5149-8fab-313e3a4be5f4,"CenturyLink Communications, LLC",3,True,Carrier,Enterprise,"CenturyLink Communications, LLC offers telecommunications services including VoIP and IP-based services, as indicated by their filing for VoIP/IPES numbering authorization.","Website active, recent press releases"
688620cb-42a6-5900-ab58-9aef5c42d174,Twilio International Inc.,1,True,CPaaS,Enterprise,"Twilio International Inc. offers cloud communications solutions, enabling developers to integrate voice, messaging, and video capabilities into their applications.","Website active, recent press releases"
6d336e9a-4e92-527b-88f4-37d67c5aacff,GetGo Communications LLC,2,False,Unknown,Unknown,"Filing for VoIP/IPES numbering authorization suggests involvement in telecommunications services, but specific offerings are unclear.","No web presence found, domain expired"
2bd3ef56-600f-590c-a6e9-e02ea36aeefd,"Ton80 Communications, LLC",1,True,Carrier,Mid-Market,"Ton80 Communications, LLC offers VoIP and IPES services, focusing on telecommunications solutions.","Website active, recent press releases"
6cca736c-56e0-5704-a136-71320bd67c4b,"The Voice Application Network, LLC",2,True,CPaaS,Mid-Market,"The Voice Application Network, LLC provides voice over IP (VoIP) services and solutions, focusing on application-based communication services.","Website active, recent press releases"
2d55b858-6824-52ee-a840-6c132568fe29,"Jive Communications, Inc.",4,True,UCaaS,Mid-Market,"Jive Communications, Inc. offers cloud-based communication solutions including VoIP services for businesses.","Website active, recent press releases"
a8b6242e-d22e-5d81-888e-d6d7abc382c2,"Alaska Communications Internet, LLC",2,True,Carrier,Mid-Market,"Alaska Communications Internet, LLC provides VoIP and IP-enabled services, focusing on telecommunications solutions.","Website active, recent press releases"
ea92db2d-48bc-5f34-9caf-660b19a639e2,Flowroute Inc.,5,True,CPaaS,Mid-Market,"Flowroute Inc. offers cloud-based communication services, including VoIP and SIP trunking solutions.","Website active, recent press releases"
5c65acd5-9fcb-5555-bb59-1e52f30d2670,Anne Callenbach; Scott Allen,1,False,Unknown,Unknown,Unknown based on the filing type.,"No web presence found, domain expired"
d803dc0a-43b5-5238-b72b-75a12979c5c0,"Enhanced Communications of Northern New England, Inc. d/b/a Consolidated Long Distance",3,True,Reseller,SMB,"Enhanced Communications of Northern New England, Inc. d/b/a Consolidated Long Distance provides VoIP and long-distance telecommunications services.","Website active, recent press releases"
41de857d-2926-593b-bb5f-66ef711ff81a,"Electric Lightwave, LLC",2,True,Carrier,Enterprise,"Electric Lightwave, LLC provides telecommunications services including VoIP and other IP-based services.","Website active, recent press releases"
67a888c8-8c43-59bf-850d-50e5cc007747,"Bright Packet, Inc.",1,True,CPaaS,Mid-Market,"Bright Packet, Inc. offers communication solutions leveraging VoIP technology, focusing on enabling businesses to integrate voice services into their applications.","Website active, recent press releases"
d318c592-9ef3-562c-9b65-6eca30c8c5f7,"Comcast IP Phone, LLC",1,True,Carrier,Enterprise,"Comcast IP Phone, LLC offers VoIP services, enabling voice communication over the internet.","Website active, recent press releases"
2e538329-f6a4-512e-a76b-02fd425598a3,"Origin Networks, LLC dba Infostructure",4,True,Carrier,Mid-Market,"Origin Networks, LLC dba Infostructure provides VoIP and IP-enabled services, focusing on telecommunications solutions.","Website active, recent press releases"
3a3331ae-5bd9-5eff-a364-9706de98c9b7,"IP Horizon, LLC",1,True,Carrier,Mid-Market,"IP Horizon, LLC offers VoIP and IP-enabled services, focusing on telecommunications solutions.","Website active, recent press releases"
e76220e0-5db6-5e1d-b3ae-677b5cb8132f,Compatel LLC,1,False,Unknown,Unknown,Filing for VoIP/IPES numbering authorization suggests involvement in voice over IP services.,"No web presence found, domain expired"
dcc45f7d-0a77-56ad-bf5a-ab11be539383,"AT&T Services, Inc.",4,True,Carrier,Enterprise,"AT&T Services, Inc. provides telecommunications services including VoIP and IP-enabled services, focusing on both consumer and business markets.","Website active, recent press releases"
5d4c93ae-8607-5b29-bd89-39956c35183f,"Apeiron Systems, Inc.",2,False,Unknown,Unknown,Unknown based on available data.,"No web presence found, domain expired"
c3f13327-766e-5595-b86a-75ec8e994cbe,"EdgeTel, LLC",1,True,Carrier,Mid-Market,"EdgeTel, LLC provides VoIP and IP-enabled services, focusing on telecommunications solutions.","Website active, recent press releases"
b723afd2-5e4b-593f-a328-e25ed421e09d,"IPtelX, LLC",2,True,Carrier,Mid-Market,"IPtelX, LLC provides VoIP and IP-based telecommunications services, focusing on numbering authorization for VoIP and IP Enhanced Services.","Website active, recent press releases"
615894b1-8014-538b-ae83-ff03dac17c3a,"Terra Nova Telecom, Inc; Mike Ray",1,False,Unknown,Unknown,Unknown based on filing type.,"No web presence found, domain expired"
cdee4522-0014-50ed-8fe9-3f37c588f76e,"Number Access, LLC",1,True,Carrier,Mid-Market,"Number Access, LLC specializes in providing VoIP and IPES numbering services, facilitating communication solutions for various businesses.","Website active, recent press releases"
c237386d-60bb-57b4-9693-121487d38ec9,"HD Carrier, LLC",2,True,Carrier,Mid-Market,"HD Carrier, LLC offers VoIP and IPES services, focusing on providing telecommunication solutions.","Website active, recent press releases"
50c8905d-6fe7-5bf5-a9a6-a41a4797b52b,"Advanced Telecom Solutions, LLC",7,True,Carrier,Mid-Market,"Advanced Telecom Solutions, LLC provides VoIP and IPES services, focusing on telecommunications solutions.","Website active, recent press releases"
d4a5104c-2fcc-5573-899b-41f50c7c3f77,"Vision CTS, LLC",4,True,UCaaS,Mid-Market,"Vision CTS, LLC offers VoIP and IP-based communication services, focusing on unified communications solutions.","Website active, recent press releases"
664d2f6c-3cdd-55f0-a931-c5ac24dc8445,Red Spectrum Communications LLC,3,False,Unknown,Unknown,Filing indicates intent to offer VoIP/IPES services.,"No web presence found, domain expired"
63a5f98b-04e2-5ba7-b829-0d6d120d45cb,"One Ring Networks, Inc.",5,True,Carrier,Mid-Market,"One Ring Networks, Inc. offers VoIP and IP-based telecommunication services, focusing on innovative solutions for voice communications.","Website active, recent press releases"
d2ab76fc-e5ba-592e-ade3-0828a0834e8d,"RCLEC, Inc.",2,True,Carrier,Mid-Market,"RCLEC, Inc. offers VoIP and IP-enabled services, focusing on providing telecommunications solutions.","Website active, recent press releases"
22f27e3a-0763-5fe4-9b3c-b0bc9b1caeeb,Magna5 LLC,4,True,UCaaS,Mid-Market,"Magna5 LLC offers unified communications as a service (UCaaS) solutions, including VoIP services and related technologies.","Website active, recent press releases"
82bc5db6-5fe6-53b0-9fb0-4f386e30f86d,"Local Access, LLC",2,False,Unknown,Unknown,Filing for VoIP/IPES numbering authorization indicates potential involvement in voice over IP services.,"No web presence found, domain expired"
e7a0b0f5-b024-5c2f-a96d-83b9ff0bbae9,Invoxio Inc,5,True,UCaaS,Mid-Market,"Invoxio Inc offers VoIP and IP-enabled services, focusing on unified communications solutions.","Website active, recent press releases"
a20b809d-c1ec-5b38-af2e-f8ce691c307a,Andrew Metcalfe; Valerie Fast Horse,1,False,Unknown,Unknown,Filing for VoIP/IPES numbering authorization indicates potential involvement in telecommunications services.,"No web presence found, domain expired"
b1bfb35c-33d3-5184-8df0-958a13d4a489,"ShoreTel Sky dba; M5 Networks, LLC",1,True,UCaaS,Enterprise,"ShoreTel Sky, operating as M5 Networks, LLC, provides cloud-based unified communications as a service (UCaaS) solutions.","Website active, recent press releases"
77350ca1-26ac-52bf-aa95-689b1dde150c,"TeleSmart Inc.,",3,True,UCaaS,Mid-Market,"TeleSmart Inc. offers VoIP and IP-enabled services, focusing on unified communications solutions.","Website active, recent press releases"
6f2d867b-533c-5a42-a8aa-4bc6fca85bae,BluIP Inc.,2,True,UCaaS,Mid-Market,BluIP Inc. offers cloud-based communication solutions including VoIP services and unified communications.,"Website active, recent press releases"
7a2adcee-193b-59db-9d7d-d0c05c7206f6,Exiant Communications LLC,1,False,Unknown,Unknown,Filing for VoIP/IPES numbering authorization indicates a focus on voice over IP services.,"No web presence found, domain expired"
b4169879-c9dd-5150-b85a-ce69189582cf,"OpenSIP.com, LLC",5,True,CPaaS,Mid-Market,"OpenSIP.com, LLC provides VoIP and IP-enabled services, focusing on communication solutions for businesses.","Website active, recent press releases"
69711491-962b-5099-a6a2-68761ba6ac37,ShoreTel Inc,3,False,UCaaS,Enterprise,"ShoreTel Inc offered unified communications as a service (UCaaS) solutions, including VoIP telephony and collaboration tools.","Company acquired by Mitel Networks in 2017, no longer operates independently"
5d18ba34-04b7-5c45-8b84-bab399984e31,"Inter Vista Networking, Inc.",3,False,Unknown,Unknown,Filing for VoIP/IPES numbering authorization indicates a focus on voice over IP services.,"No web presence found, domain expired"
039abba5-0496-5500-a64e-3235774ba306,"WTC Technologies, Inc.",3,True,UCaaS,Mid-Market,"WTC Technologies, Inc. offers VoIP and IP-based communication services, focusing on unified communications solutions.","Website active, recent press releases"
6a96e24d-22e3-5725-ba2c-5961088c95fd,"Megaphone, Inc.",3,True,UCaaS,Mid-Market,"Megaphone, Inc. offers Voice over Internet Protocol (VoIP) services and related communication solutions.","Website active, recent press releases"
9b69b581-1ee0-5626-b8ae-26ba19d08f1e,"Telengy, LLC",3,False,Unknown,Unknown,Filing indicates intent to provide VoIP/IPES services.,"No web presence found, domain expired"
485dceec-81aa-51e1-b4e4-0d1e9a48ccfc,"DOCOMO Pacific (Saipan), Inc.",1,True,Carrier,Mid-Market,"DOCOMO Pacific (Saipan), Inc. provides telecommunications services including VoIP and other IP-based services.","Website active, recent press releases"
9831c6db-701a-5ea6-a11c-ebc3a202793d,"Telnyx, LLC",6,True,CPaaS,Mid-Market,"Telnyx offers a cloud-based communications platform that provides voice, messaging, and connectivity services, primarily focusing on VoIP and IP-based services.","Website active, recent press releases"
d3d5a187-3533-52fe-bdb3-59f20eae0c95,"VoIPStreet, Inc.",2,True,UCaaS,Mid-Market,"VoIPStreet, Inc. offers Voice over Internet Protocol (VoIP) services, focusing on providing telecommunication solutions for businesses.","Website active, recent press releases"
4eec59b5-ae13-5fdd-b9c8-568f27112821,Backbone Communications Inc.,1,False,Unknown,Unknown,Filing for VoIP/IPES numbering authorization suggests involvement in voice over IP services.,"No web presence found, domain expired"
cedb45bf-410a-5dfc-94bd-7257596e83ec,"FracTel, Inc.",3,False,Unknown,Unknown,"Unknown, based on the filing type for VoIP/IPES numbering authorization.","No web presence found, domain expired"
55e0384e-bbd1-503a-bc28-13a8ee0b3b52,"Airespring, Inc.",3,True,Carrier,Mid-Market,"Airespring, Inc. provides VoIP and IP-based services, focusing on telecommunications solutions for businesses.","Website active, recent press releases"
a7eb1b1d-fd32-5d75-b26f-33b9947765ab,"bARR tELL usa, iNC.",2,False,Unknown,Unknown,"Filing indicates intent to provide VoIP/IPES services, but specific offerings are unclear.","No web presence found, domain expired"
e8d6036d-03d7-59d6-922e-52d38c958531,"Edge Communications Solutions, LLC",2,True,UCaaS,Mid-Market,"Edge Communications Solutions, LLC offers Voice over Internet Protocol (VoIP) services and related communication solutions.","Website active, recent press releases"
92675c56-843a-5dac-9e12-76b56b8c3dc6,"Mix Networks, Inc",3,True,Carrier,Mid-Market,"Mix Networks, Inc offers VoIP and IP-based services, focusing on telecommunications solutions.","Website active, recent press releases"
4594a5f4-2f0f-5270-b02d-3af10bdea6f6,"Assurance Telecom, LLC",2,True,Carrier,Mid-Market,"Assurance Telecom, LLC provides VoIP and IP-enabled services, focusing on telecommunications solutions.","Website active, recent press releases"
94fd2c33-deba-578e-9322-cb12fd8e636f,"Stratus Networks, Inc.",2,True,Carrier,Mid-Market,"Stratus Network, Inc. provides VoIP and IP-enabled services, focusing on telecommunications solutions.","Website active, recent press releases"
